from,to,direction
G177,G1297,-
G177,G842,-
G177,G796,-
G24,G1437,+
G24,G1256,+
G24,G762,+
G7,G1537,+
G26,G330,-
G26,G1604,-
G26,G741,-
G26,G501,-
G26,G647,-
G26,G623,-
G26,G1299,-
G26,G544,-
G158,G1136,-
G158,G295,-
G158,G1082,-
G158,G1097,-
G158,G1434,-
G158,G383,-
G158,G751,-
G158,G696,-
G158,G4,-
G158,G1359,-
G4,G259,+
G4,G223,+
G4,G1341,+
G130,G437,+
G127,G260,-
G127,G466,-
G127,G439,-
G127,G353,-
G127,G652,-
G66,G1219,+
G66,G521,+
G66,G801,+
G66,G745,+
G66,G550,+
G66,G250,+
G66,G1418,+
G66,G1087,+
G66,G889,+
G66,G1168,+
G97,G1567,+
G97,G1161,+
G97,G1523,-
G97,G1093,+
G97,G904,+
G97,G472,-
G97,G420,+
G97,G1176,+
G97,G1190,-
G97,G1018,+
G121,G1117,+
G121,G1114,+
G121,G523,+
G121,G1540,-
G121,G1559,-
G121,G1357,-
G121,G1322,-
G121,G949,-
G121,G1295,-
G121,G336,-
G121,G1640,-
G121,G84,-
G121,G1307,-
G121,G292,+
G121,G975,-
G121,G1221,-
G121,G1263,-
G121,G1153,-
G121,G663,-
G121,G334,-
G121,G1043,+
G121,G889,+
G121,G1087,+
G121,G1418,+
G121,G250,+
G121,G550,+
G121,G745,+
G121,G1379,-
G121,G415,-
G121,G808,-
G121,G1639,-
G121,G766,+
G121,G1561,-
G121,G391,-
G121,G982,-
G121,G1029,-
G121,G1048,-
G121,G778,+
G121,G217,+
G121,G1602,-
G121,G1558,-
G121,G1233,-
G121,G592,-
G121,G363,-
G121,G348,-
G121,G1401,+
G121,G129,+
G121,G694,-
G121,G1149,-
G121,G790,-
G121,G1619,-
G121,G648,-
G121,G854,-
G121,G1633,+
G121,G1065,-
G121,G1316,+
G121,G1201,-
G121,G573,-
G121,G152,+
G121,G784,+
G121,G733,-
G121,G236,-
G121,G662,+
G121,G524,+
G121,G371,+
G121,G1350,+
G121,G212,+
G121,G645,+
G121,G833,+
G121,G410,+
G121,G1289,+
G121,G1413,+
G121,G268,-
G121,G973,-
G121,G1051,-
G121,G443,-
G121,G957,-
G121,G222,-
G121,G480,-
G121,G1273,-
G121,G310,-
G121,G1370,-
G121,G760,-
G121,G521,+
G121,G1282,+
G121,G887,-
G121,G203,-
G121,G337,-
G121,G506,-
G121,G1585,-
G121,G474,+
G121,G1304,-
G121,G1168,+
G121,G1209,-
G121,G1620,-
G121,G131,-
G121,G271,-
G121,G1477,-
G121,G658,-
G121,G1402,+
G121,G392,-
G121,G1543,-
G121,G454,-
G121,G441,-
G121,G1245,-
G121,G569,-
G121,G1017,-
G121,G1347,-
G121,G1377,-
G121,G844,-
G121,G1579,-
G121,G863,-
G121,G1617,+
G121,G1583,-
G121,G1399,+
G121,G676,-
G121,G1364,-
G121,G593,-
G121,G1154,-
G121,G697,+
G121,G447,-
G121,G540,+
G121,G955,-
G121,G1332,+
G121,G731,-
G121,G688,-
G121,G1010,-
G121,G664,-
G121,G801,+
G121,G1219,+
G121,G496,+
G121,G331,+
G121,G1546,-
G121,G1169,+
G121,G1014,+
G121,G1342,+
G121,G1211,+
G121,G251,+
G121,G272,-
G121,G850,-
G121,G775,-
G121,G254,+
G121,G1417,-
G121,G515,-
G121,G367,-
G121,G423,-
G121,G1059,-
G121,G1232,-
G121,G1215,-
G121,G1396,-
G121,G106,-
G121,G785,-
G121,G1310,-
G121,G388,-
G121,G723,-
G121,G1044,-
G121,G729,-
G161,G1249,+
G161,G294,+
G161,G1517,+
G161,G626,+
G161,G192,+
G161,G1260,+
G161,G707,+
G95,G1020,-
G95,G1306,-
G95,G1431,-
G95,G307,-
G95,G996,-
G95,G845,-
G95,G200,-
G95,G1455,-
G95,G1218,-
G95,G1133,-
G95,G375,-
G95,G1261,-
G95,G1195,-
G95,G1107,-
G95,G1296,-
G95,G1052,-
G95,G1156,-
G95,G1073,-
G95,G402,-
G95,G1224,-
G95,G1096,-
G95,G750,-
G95,G1170,-
G95,G459,+
G95,G1124,+
G95,G1444,+
G95,G1367,+
G95,G1610,+
G95,G242,-
G95,G470,-
G95,G1106,-
G95,G221,-
G95,G199,-
G95,G552,-
G95,G1026,-
G95,G1550,-
G183,G450,-
G183,G786,-
G132,G1164,-
G132,G831,-
G132,G1584,-
G132,G62,-
G90,G1091,+
G90,G564,-
G90,G816,-
G154,G772,+
G154,G1301,+
G154,G1155,+
G154,G846,+
G38,G198,+
G38,G788,+
G38,G1061,+
G38,G841,+
G38,G1234,+
G38,G1452,+
G38,G286,+
G38,G342,+
G131,G271,-
G131,G1620,-
G131,G1209,-
G15,G1086,+
G15,G933,+
G15,G915,+
G191,G1597,-
G191,G289,-
G191,G962,-
G191,G246,-
G191,G1348,-
G162,G666,-
G162,G625,-
G153,G658,+
G153,G1477,+
G32,G1211,+
G32,G251,+
G32,G555,+
G32,G424,+
G32,G1354,+
G32,G1316,+
G32,G1342,+
G32,G1014,+
G32,G1169,+
G32,G206,+
G23,G1160,+
G23,G777,+
G23,G400,+
G23,G1504,+
G23,G779,+
G23,G823,+
G23,G556,+
G23,G1123,+
G23,G974,+
G167,G1349,+
G167,G1509,+
G167,G1328,+
G167,G1138,+
G167,G431,+
G167,G270,+
G167,G815,+
G167,G446,+
G167,G279,+
G80,G1225,+
G80,G434,-
G80,G1507,+
G80,G507,+
G80,G1415,-
G182,G444,-
G182,G309,+
G182,G919,+
G182,G500,-
G182,G742,-
G182,G1568,+
G182,G672,+
G182,G1573,+
G182,G931,+
G182,G1028,+
G182,G397,+
G182,G572,-
G182,G324,-
G182,G1063,+
G182,G1333,-
G182,G610,+
G182,G622,-
G182,G755,+
G182,G877,-
G182,G1355,-
G182,G1448,-
G182,G215,+
G182,G787,+
G182,G923,+
G182,G763,+
G182,G1109,-
G182,G1452,+
G182,G38,+
G182,G574,+
G182,G1303,+
G182,G634,+
G182,G226,+
G182,G993,+
G182,G1277,-
G182,G1234,+
G182,G1409,-
G182,G312,+
G182,G1228,+
G182,G1281,-
G182,G445,-
G182,G316,-
G182,G109,-
G182,G549,-
G182,G798,-
G182,G1475,+
G182,G841,+
G182,G1210,+
G182,G1061,+
G182,G788,+
G182,G198,+
G182,G344,-
G182,G1053,-
G182,G1365,+
G182,G609,+
G182,G286,+
G81,G1163,+
G120,G1143,+
G120,G860,+
G120,G1478,+
G120,G771,+
G120,G350,+
G120,G1080,+
G120,G1556,+
G120,G1072,+
G120,G1570,+
G120,G184,+
G120,G660,+
G120,G739,+
G120,G631,+
G120,G19,+
G120,G985,+
G120,G510,+
G120,G828,+
G120,G1536,+
G120,G544,+
G120,G501,+
G120,G971,+
G120,G516,+
G120,G724,+
G120,G963,+
G120,G532,+
G120,G547,+
G120,G813,+
G120,G1460,+
G120,G429,+
G120,G150,+
G120,G901,+
G120,G989,+
G120,G712,+
G120,G960,+
G120,G142,+
G120,G856,+
G120,G288,+
G120,G1108,+
G120,G509,+
G120,G196,+
G120,G1118,+
G120,G1592,+
G120,G740,+
G120,G730,+
G120,G457,+
G120,G1591,+
G120,G765,-
G120,G627,+
G120,G1122,+
G120,G1004,+
G120,G1549,+
G120,G412,+
G120,G1316,+
G120,G642,+
G120,G607,+
G120,G1498,+
G120,G1472,+
G120,G1201,+
G120,G770,+
G120,G1007,+
G120,G195,+
G120,G577,+
G120,G152,+
G120,G1170,-
G120,G921,-
G120,G784,-
G120,G1518,+
G120,G1547,+
G120,G32,+
G120,G62,+
G120,G360,+
G120,G817,+
G120,G494,+
G120,G902,+
G120,G1139,+
G120,G1311,+
G120,G1281,+
G120,G445,+
G120,G316,+
G120,G109,+
G120,G1188,+
G120,G181,+
G120,G1458,+
G120,G1641,+
G120,G231,+
G120,G1514,+
G120,G1081,+
G120,G1320,+
G120,G1465,+
G120,G620,+
G120,G482,+
G120,G1187,+
G120,G1383,+
G120,G878,+
G120,G1041,-
G120,G862,+
G120,G164,+
G120,G789,+
G120,G715,+
G120,G678,+
G120,G1035,+
G120,G1198,+
G120,G1613,+
G120,G929,+
G120,G1262,+
G120,G39,+
G120,G239,+
G120,G443,+
G120,G345,+
G120,G1637,+
G120,G1207,+
G120,G117,+
G120,G656,+
G120,G27,+
G120,G1554,+
G120,G1516,+
G120,G1608,+
G120,G887,-
G120,G203,-
G120,G337,+
G120,G506,+
G120,G1585,-
G120,G1552,+
G120,G1304,+
G120,G542,+
G120,G1161,+
G120,G1567,+
G120,G97,+
G120,G1523,+
G120,G1093,+
G120,G904,+
G120,G1018,+
G120,G420,+
G120,G1176,+
G120,G552,+
G120,G1457,-
G120,G1164,+
G120,G831,+
G120,G1414,+
G120,G915,+
G120,G933,+
G120,G1086,+
G120,G332,-
G120,G1225,+
G120,G434,+
G120,G1415,+
G120,G80,+
G120,G507,+
G120,G1023,+
G120,G1294,+
G120,G612,+
G120,G1034,-
G120,G757,+
G120,G257,-
G120,G1540,+
G120,G1559,+
G120,G1357,+
G120,G1322,+
G120,G949,+
G120,G1601,-
G120,G137,-
G120,G1222,-
G120,G684,+
G120,G1619,+
G120,G648,+
G120,G854,+
G120,G643,+
G120,G579,+
G120,G49,+
G120,G193,+
G120,G478,+
G120,G1308,+
G120,G375,-
G120,G415,-
G120,G858,-
G120,G899,+
G120,G677,-
G120,G366,+
G120,G808,-
G120,G898,+
G120,G256,+
G120,G359,+
G120,G189,-
G120,G714,+
G120,G1111,+
G120,G58,+
G120,G880,+
G120,G1545,-
G120,G603,+
G120,G794,+
G120,G944,+
G120,G321,+
G120,G1639,+
G120,G1522,+
G120,G300,+
G120,G819,-
G120,G1116,+
G120,G1481,+
G120,G495,+
G120,G235,+
G120,G820,+
G120,G948,+
G120,G1351,+
G120,G1571,+
G120,G1182,-
G120,G88,-
G120,G1630,+
G120,G934,-
G120,G343,-
G120,G1203,-
G120,G1517,+
G120,G294,+
G120,G274,-
G120,G1133,-
G120,G232,+
G120,G1333,+
G120,G122,-
G120,G12,+
G120,G778,+
G120,G1501,+
G120,G1335,-
G120,G1218,-
G120,G610,+
G120,G392,+
G120,G667,-
G120,G1047,-
G120,G1030,-
G120,G1372,+
G120,G1496,+
G120,G578,+
G120,G487,+
G120,G1342,+
G120,G1211,+
G120,G251,+
G120,G555,+
G120,G206,+
G120,G424,+
G120,G1354,+
G120,G951,+
G120,G455,-
G120,G855,+
G120,G884,-
G120,G254,+
G120,G1101,+
G120,G1321,+
G120,G1424,+
G120,G210,+
G120,G659,+
G120,G991,+
G120,G799,+
G120,G5,+
G120,G795,+
G120,G653,+
G120,G930,+
G120,G1401,-
G120,G848,+
G120,G335,+
G120,G1507,+
G120,G824,-
G120,G1369,-
G120,G129,-
G120,G864,+
G120,G1439,+
G120,G91,-
G120,G1264,+
G120,G1634,-
G120,G1237,+
G120,G1292,-
G120,G325,-
G120,G1476,-
G120,G1392,-
G120,G323,+
G120,G618,+
G120,G1024,+
G120,G694,+
G120,G852,+
G120,G803,+
G120,G1149,+
G120,G790,+
G120,G663,+
G120,G1110,+
G120,G1070,+
G120,G728,+
G120,G1177,+
G120,G1278,+
G120,G2,+
G120,G1600,+
G120,G334,+
G120,G1107,-
G120,G1195,-
G120,G1066,+
G120,G406,+
G120,G554,+
G120,G861,+
G120,G169,+
G120,G697,+
G120,G447,+
G120,G540,+
G120,G3,+
G120,G1252,+
G120,G1288,+
G120,G1147,+
G120,G1385,+
G120,G1443,+
G120,G386,-
G120,G1008,-
G120,G928,-
G120,G1569,+
G120,G1393,+
G120,G1045,+
G120,G954,+
G120,G1480,+
G120,G1247,+
G120,G836,+
G120,G313,+
G120,G897,+
G120,G571,-
G120,G1190,+
G120,G472,+
G120,G156,+
G120,G640,+
G120,G468,+
G120,G1343,+
G120,G1492,+
G120,G200,-
G120,G845,-
G120,G996,-
G120,G945,+
G120,G597,-
G120,G1275,+
G120,G113,+
G120,G1479,+
G120,G1332,+
G120,G529,+
G120,G234,+
G120,G1446,+
G120,G1622,+
G120,G504,+
G120,G731,+
G120,G1165,+
G120,G688,+
G120,G1324,+
G120,G932,+
G120,G601,+
G120,G1642,-
G120,G496,+
G120,G362,-
G120,G670,+
G120,G165,+
G120,G179,+
G120,G303,+
G120,G1397,-
G120,G1306,-
G120,G702,+
G120,G1546,+
G120,G980,+
G120,G126,-
G120,G1169,+
G120,G1014,+
G120,G1580,+
G120,G913,+
G120,G924,+
G120,G1194,-
G120,G1640,-
G120,G1239,+
G120,G594,+
G120,G1285,+
G120,G1527,+
G120,G539,+
G120,G588,+
G120,G1011,+
G120,G171,+
G120,G115,+
G120,G119,+
G120,G533,+
G120,G403,+
G120,G1605,+
G120,G961,+
G120,G458,+
G120,G73,+
G120,G1453,+
G120,G1307,+
G120,G292,+
G120,G78,+
G120,G615,+
G120,G1240,-
G120,G675,-
G120,G135,+
G120,G282,-
G120,G241,+
G120,G245,+
G120,G492,-
G120,G227,-
G120,G1186,+
G120,G1197,+
G120,G1422,+
G120,G722,+
G120,G13,+
G120,G1544,+
G120,G1221,+
G120,G1263,+
G120,G1153,+
G120,G57,+
G120,G755,+
G120,G1455,-
G120,G1617,+
G120,G1583,+
G120,G1399,+
G120,G676,+
G120,G1566,+
G120,G686,-
G120,G987,+
G120,G1364,+
G120,G869,-
G120,G396,-
G120,G849,-
G120,G1150,+
G120,G1159,+
G120,G834,+
G120,G63,+
G120,G1450,+
G120,G186,+
G120,G1154,+
G120,G706,-
G120,G1533,+
G120,G958,+
G120,G1611,+
G120,G827,+
G120,G238,+
G120,G894,+
G109,G445,+
G109,G1281,+
G109,G549,+
G109,G798,+
G109,G316,+
G109,G1109,+
G109,G1255,+
G109,G484,+
G109,G1406,-
G64,G631,-
G64,G803,-
G64,G932,-
G64,G1324,-
G64,G615,-
G20,G861,+
G20,G136,+
G111,G315,-
G111,G829,-
G111,G699,-
G111,G1629,-
G111,G438,-
G111,G381,+
G111,G548,+
G98,G1515,+
G98,G440,+
G98,G531,+
G98,G710,+
G98,G1167,+
G112,G1293,+
G112,G879,+
G112,G1146,+
G8,G400,+
G8,G1504,+
G8,G974,+
G8,G823,-
G8,G556,-
G8,G1123,-
G8,G779,-
G8,G582,-
G8,G23,+
G8,G777,+
G8,G1160,-
G8,G937,+
G8,G941,+
G8,G1459,+
G8,G205,+
G8,G773,+
G8,G1395,+
G8,G485,+
G8,G563,+
G8,G1181,+
G8,G843,+
G8,G346,+
G8,G285,+
G137,G332,-
G137,G1222,-
G137,G684,-
G137,G795,-
G137,G706,-
G137,G1008,-
G137,G755,-
G137,G610,-
G137,G274,-
G137,G1533,-
G137,G928,-
G150,G292,+
G150,G1548,+
G150,G895,+
G150,G503,+
G150,G464,+
G150,G1516,+
G150,G1201,+
G41,G1222,-
G41,G1008,-
G41,G274,-
G41,G1533,-
G41,G706,-
G41,G684,-
G39,G1047,-
G39,G1262,-
G39,G1034,-
G39,G58,-
G39,G603,-
G39,G794,-
G39,G392,-
G39,G667,-
G39,G944,-
G174,G322,+
G174,G1257,+
G174,G1474,+
G30,G395,-
G30,G690,-
G192,G1253,-
G192,G755,-
G192,G1249,-
G192,G807,+
G192,G294,+
G192,G1517,+
G192,G406,-
G192,G554,-
G192,G1304,-
G192,G626,-
G108,G827,+
G108,G1611,+
G33,G1297,-
G33,G842,-
G87,G1333,+
G87,G1063,+
G128,G1369,+
G128,G427,+
G128,G31,+
G128,G327,+
G128,G624,+
G128,G1467,+
G128,G252,+
G128,G671,+
G128,G526,+
G128,G824,+
G128,G1259,+
G128,G286,+
G128,G126,+
G76,G1498,-
G76,G1472,-
G76,G1007,-
G76,G195,-
G76,G196,-
G76,G313,-
G76,G897,-
G180,G1539,-
G180,G1538,-
G75,G1546,-
G75,G236,-
G75,G957,-
G75,G222,-
G75,G1640,-
G75,G103,+
G75,G1539,+
G75,G1538,+
G75,G1295,-
G75,G950,-
G75,G336,-
G181,G1158,+
G101,G1485,+
G101,G970,+
G101,G907,+
G101,G747,+
G101,G1555,+
G101,G1470,+
G101,G390,+
G101,G1135,+
G101,G317,+
G101,G319,+
G101,G910,+
G101,G377,+
G101,G1145,+
G101,G964,+
G101,G276,+
G101,G1343,+
G101,G1446,+
G101,G1223,+
G101,G373,+
G101,G860,+
G101,G1478,+
G101,G771,+
G101,G350,+
G101,G1080,+
G101,G1556,+
G101,G1072,+
G101,G1570,+
G101,G184,+
G101,G660,+
G171,G1263,+
G171,G1153,+
G171,G1278,+
G171,G1600,+
G171,G409,-
G171,G406,-
G171,G554,-
G171,G861,-
G171,G357,-
G171,G136,+
G171,G169,+
G171,G49,-
G171,G889,-
G171,G1087,-
G171,G1418,-
G171,G250,-
G171,G550,-
G171,G745,-
G171,G375,+
G171,G520,-
G171,G347,+
G171,G808,+
G171,G898,+
G171,G256,+
G171,G359,+
G171,G321,+
G171,G1483,+
G171,G1116,-
G171,G495,-
G171,G235,-
G171,G820,-
G171,G1630,-
G171,G1642,-
G171,G746,-
G171,G637,-
G171,G165,+
G171,G179,+
G171,G303,-
G171,G1397,-
G171,G758,+
G171,G951,+
G171,G455,+
G171,G850,+
G171,G775,+
G171,G1230,-
G171,G254,+
G171,G991,-
G171,G799,-
G171,G1375,-
G171,G1421,-
G171,G851,-
G171,G886,-
G171,G394,-
G171,G814,-
G171,G5,-
G171,G1310,+
G171,G388,+
G171,G723,+
G171,G1044,+
G171,G729,+
G171,G1602,+
G171,G1558,+
G171,G1233,+
G171,G592,+
G171,G363,+
G171,G644,+
G171,G546,-
G171,G542,-
G171,G428,+
G171,G233,+
G171,G915,-
G171,G933,-
G171,G1086,-
G171,G1550,+
G171,G1296,+
G171,G120,-
G171,G1601,-
G171,G1222,+
G171,G684,+
G171,G706,+
G171,G1533,+
G171,G530,-
G171,G926,-
G171,G1581,-
G171,G1295,+
G171,G336,+
G171,G292,-
G171,G722,+
G171,G13,+
G171,G1544,+
G171,G1315,-
G171,G1221,+
G171,G1425,+
G171,G488,+
G171,G661,+
G171,G1179,+
G171,G1436,+
G171,G693,+
G171,G1412,+
G171,G735,+
G171,G802,+
G171,G1334,+
G171,G1593,+
G171,G1170,+
G171,G1185,+
G171,G219,+
G171,G1270,+
G171,G1067,+
G171,G908,+
G171,G270,+
G171,G1599,+
G171,G832,+
G171,G608,+
G171,G1551,+
G171,G759,+
G171,G1272,+
G171,G1208,+
G171,G213,+
G171,G1564,+
G171,G425,+
G171,G791,+
G171,G512,+
G171,G1371,+
G171,G1373,+
G171,G1408,+
G171,G1519,-
G171,G293,-
G171,G657,-
G171,G1461,-
G171,G1250,-
G171,G766,+
G171,G934,-
G171,G343,-
G171,G1203,-
G171,G1517,+
G171,G294,+
G171,G1133,+
G171,G940,-
G171,G1468,+
G171,G778,-
G171,G1218,+
G171,G392,-
G171,G1121,-
G171,G265,+
G171,G1455,+
G171,G797,+
G171,G900,+
G171,G1443,+
G171,G920,+
G171,G581,+
G171,G200,+
G171,G845,+
G171,G996,+
G171,G1479,+
G171,G504,-
G171,G1151,+
G171,G743,+
G171,G621,+
G171,G382,+
G171,G611,+
G171,G630,+
G171,G1132,+
G171,G333,+
G171,G340,+
G171,G917,+
G171,G451,+
G171,G399,+
G171,G1002,+
G171,G1000,+
G171,G635,+
G171,G580,+
G171,G764,+
G171,G576,+
G171,G562,+
G171,G1049,+
G171,G784,-
G171,G1547,-
G171,G1188,-
G171,G1041,-
G171,G1344,-
G171,G1058,+
G171,G1248,-
G171,G1510,-
G171,G19,-
G171,G1327,-
G171,G971,-
G171,G516,-
G171,G724,-
G171,G348,+
G171,G129,-
G171,G864,-
G171,G1439,-
G171,G1024,-
G171,G694,-
G171,G577,-
G171,G152,-
G171,G298,+
G171,G1430,+
G171,G882,+
G171,G826,+
G171,G1200,+
G171,G1037,+
G171,G1105,+
G171,G1314,+
G171,G1433,+
G171,G1432,+
G171,G800,+
G171,G269,+
G171,G389,+
G171,G469,+
G171,G1442,+
G171,G483,+
G171,G1487,+
G171,G1095,+
G171,G456,+
G171,G916,+
G171,G1339,+
G171,G1563,+
G171,G1484,+
G115,G911,+
G115,G1199,+
G115,G297,+
G115,G1079,+
G115,G1530,+
G115,G378,+
G115,G1042,+
G115,G649,+
G115,G1360,+
G115,G866,+
G115,G374,+
G115,G1636,+
G115,G1318,+
G115,G641,+
G115,G709,+
G115,G1027,+
G115,G1574,+
G115,G538,+
G115,G1438,+
G115,G809,+
G115,G769,+
G115,G669,+
G115,G1513,+
G115,G1447,+
G115,G266,+
G115,G1394,+
G115,G449,+
G119,G1027,+
G119,G1574,+
G119,G538,+
G119,G1438,+
G119,G809,+
G119,G769,+
G119,G669,+
G119,G1513,+
G119,G1447,+
G119,G266,+
G119,G1394,+
G119,G449,+
G115,G1340,+
G115,G754,+
G115,G224,+
G115,G1221,+
G115,G1263,+
G115,G1153,+
G115,G1639,-
G115,G1116,-
G115,G1481,-
G115,G495,-
G115,G1075,+
G115,G1410,+
G115,G522,+
G115,G1142,+
G115,G407,+
G115,G349,+
G115,G665,+
G115,G1128,+
G115,G1473,+
G115,G1499,+
G115,G489,+
G115,G557,+
G115,G1223,+
G115,G373,+
G115,G1152,+
G115,G587,+
G115,G1230,+
G115,G1375,+
G115,G1421,+
G115,G851,+
G115,G886,+
G115,G394,+
G115,G814,+
G115,G598,+
G115,G1137,+
G115,G1638,+
G115,G1505,+
G115,G1238,+
G115,G997,+
G115,G867,+
G115,G952,+
G115,G1055,+
G115,G465,+
G115,G1235,+
G115,G280,+
G115,G490,+
G115,G1236,+
G115,G1428,+
G115,G896,+
G115,G1173,+
G115,G1144,+
G115,G1009,+
G119,G1221,+
G119,G1263,+
G119,G1153,+
G119,G1639,-
G119,G1116,-
G119,G1481,-
G119,G495,-
G119,G1075,+
G119,G1410,+
G119,G522,+
G119,G1142,+
G119,G407,+
G119,G349,+
G119,G665,+
G119,G1128,+
G119,G1473,+
G119,G1499,+
G119,G489,+
G119,G557,+
G119,G1223,+
G119,G373,+
G119,G1152,+
G119,G587,+
G119,G1230,+
G119,G1375,+
G119,G1421,+
G119,G851,+
G119,G886,+
G119,G394,+
G119,G814,+
G119,G598,+
G119,G1137,+
G119,G1638,+
G119,G1505,+
G119,G1238,+
G119,G997,+
G119,G867,+
G119,G952,+
G119,G1055,+
G119,G465,+
G119,G1235,+
G119,G280,+
G119,G490,+
G119,G1236,+
G119,G1428,+
G119,G896,+
G119,G1173,+
G119,G1144,+
G119,G1009,+
G119,G911,+
G119,G1199,+
G119,G297,+
G119,G1079,+
G119,G1530,+
G119,G378,+
G119,G1042,+
G119,G649,+
G119,G1360,+
G119,G866,+
G119,G374,+
G119,G1636,+
G119,G1318,+
G119,G641,+
G119,G709,+
G119,G1340,+
G119,G754,+
G119,G224,+
G84,G337,-
G84,G506,-
G84,G474,+
G84,G644,+
G84,G1304,-
G84,G542,+
G84,G121,-
G84,G1414,+
G84,G153,+
G84,G628,+
G84,G602,+
G84,G534,+
G84,G725,+
G84,G1402,-
G84,G1117,-
G84,G1114,-
G84,G523,+
G84,G1540,-
G84,G1559,-
G84,G1357,-
G84,G1322,-
G84,G949,-
G84,G1601,+
G84,G530,+
G84,G1306,-
G84,G139,+
G84,G225,+
G84,G1211,+
G84,G251,+
G84,G555,+
G84,G206,+
G84,G424,+
G84,G1354,+
G84,G315,+
G84,G829,+
G84,G699,+
G84,G1629,+
G84,G545,+
G84,G438,+
G84,G850,-
G84,G775,-
G84,G1230,+
G84,G254,+
G84,G230,+
G84,G1375,+
G84,G1421,+
G84,G851,+
G84,G886,+
G84,G394,+
G84,G814,+
G84,G72,-
G84,G1505,+
G84,G1238,+
G84,G997,+
G84,G867,+
G84,G952,+
G84,G1055,+
G84,G465,+
G84,G1235,+
G84,G280,+
G84,G490,+
G84,G1236,+
G84,G1428,+
G84,G896,+
G84,G1368,+
G84,G1469,+
G84,G1614,+
G84,G1390,+
G84,G736,+
G84,G1310,-
G84,G388,-
G84,G723,-
G84,G1044,-
G84,G729,-
G84,G1602,-
G84,G1558,-
G84,G1233,-
G84,G592,-
G84,G363,-
G84,G348,-
G84,G692,+
G84,G1616,+
G84,G1462,-
G84,G881,+
G84,G1144,+
G84,G1009,+
G84,G1291,+
G84,G1516,+
G84,G1282,+
G84,G1349,+
G84,G890,+
G84,G284,+
G84,G1160,+
G84,G493,-
G84,G1633,-
G84,G505,-
G84,G1316,+
G84,G872,-
G84,G1131,-
G84,G732,-
G84,G818,-
G84,G1498,+
G84,G431,+
G84,G427,+
G84,G270,+
G84,G784,-
G84,G32,+
G84,G662,+
G84,G524,+
G84,G1104,+
G84,G599,+
G84,G823,+
G84,G556,+
G84,G1123,+
G84,G779,+
G84,G1413,+
G84,G1188,+
G84,G268,-
G84,G1051,-
G84,G1172,+
G84,G616,+
G84,G1330,+
G84,G1326,+
G84,G418,+
G84,G369,+
G84,G1626,+
G84,G473,+
G84,G372,+
G84,G1284,+
G84,G685,+
G84,G266,+
G84,G252,+
G84,G860,-
G84,G1478,-
G84,G771,-
G84,G350,-
G84,G1080,-
G84,G1556,-
G84,G1072,-
G84,G1570,-
G84,G184,-
G84,G660,-
G84,G793,-
G84,G290,+
G84,G939,+
G84,G953,+
G84,G1471,+
G84,G354,+
G84,G1056,+
G84,G985,+
G84,G1169,+
G84,G1014,+
G84,G1342,+
G84,G828,+
G84,G1536,+
G84,G935,-
G84,G150,+
G84,G228,+
G84,G1078,-
G84,G979,+
G84,G196,+
G84,G713,+
G84,G768,+
G84,G926,+
G84,G1581,+
G84,G1076,-
G84,G651,+
G84,G1497,+
G84,G1511,+
G84,G1485,+
G84,G565,+
G84,G1407,+
G84,G101,+
G84,G464,+
G84,G503,+
G84,G895,+
G84,G1548,+
G84,G1307,-
G84,G292,+
G84,G1358,+
G84,G1221,+
G84,G1263,+
G84,G1153,+
G84,G1278,+
G84,G1600,+
G84,G1107,-
G84,G1195,-
G84,G1043,-
G84,G511,-
G84,G377,+
G84,G1145,+
G84,G964,+
G84,G276,+
G84,G859,+
G84,G808,+
G84,G1577,+
G84,G467,+
G84,G1519,+
G84,G293,+
G84,G657,+
G84,G1461,+
G84,G1250,+
G84,G176,-
G84,G1227,-
G84,G766,-
G84,G934,+
G84,G343,+
G84,G1203,+
G84,G778,+
G84,G1482,+
G84,G1033,+
G84,G217,-
G84,G99,-
G84,G129,-
G84,G1205,+
G84,G1631,+
G84,G1325,+
G84,G1490,+
G84,G220,-
G84,G358,-
G84,G1543,+
G84,G454,+
G84,G441,+
G84,G1246,-
G84,G1245,+
G84,G1376,-
G84,G1624,-
G84,G569,+
G84,G1017,+
G84,G1347,+
G84,G1377,+
G84,G590,-
G84,G844,+
G84,G541,-
G84,G1579,+
G84,G863,+
G84,G1617,-
G84,G1583,-
G84,G1399,-
G84,G676,-
G84,G1364,-
G84,G1154,-
G84,G697,-
G84,G447,-
G84,G540,-
G84,G839,+
G84,G966,+
G84,G3,+
G84,G1252,+
G84,G1288,+
G84,G892,-
G84,G156,+
G84,G614,+
G84,G1343,-
G84,G287,-
G84,G1492,+
G84,G1509,+
G84,G1328,+
G84,G1275,+
G84,G695,-
G84,G782,-
G84,G261,-
G84,G342,-
G84,G1332,+
G84,G1449,-
G84,G1446,-
G84,G411,-
G84,G688,-
G84,G812,+
G84,G1010,-
G84,G664,-
G84,G331,+
G84,G1381,+
G84,G811,+
G84,G561,+
G84,G1244,+
G84,G510,+
G43,G887,+
G43,G883,-
G43,G1585,+
G43,G644,-
G43,G499,+
G43,G1034,+
G43,G1114,+
G43,G523,+
G43,G1601,-
G43,G943,-
G43,G1615,-
G43,G1331,-
G43,G1239,-
G43,G432,-
G43,G1384,-
G43,G241,-
G43,G245,-
G43,G1379,+
G43,G603,-
G43,G794,-
G43,G944,-
G43,G235,-
G43,G820,-
G43,G934,-
G43,G343,-
G43,G1203,-
G43,G568,+
G43,G891,-
G43,G1501,-
G43,G1403,+
G43,G667,-
G43,G1047,+
G43,G1202,-
G43,G1589,-
G43,G688,+
G43,G1223,-
G43,G5,-
G43,G694,-
G43,G1003,-
G43,G203,+
G73,G533,+
G73,G403,+
G73,G1605,+
G73,G1453,+
G73,G458,+
G73,G961,+
G78,G1357,-
G78,G1322,-
G78,G949,-
G78,G238,-
G78,G894,-
G78,G1580,-
G78,G913,-
G78,G924,-
G78,G651,-
G78,G1456,-
G78,G1001,-
G78,G565,-
G78,G1094,-
G78,G1407,-
G78,G619,-
G78,G1526,-
G78,G689,-
G78,G1520,-
G78,G1386,-
G78,G115,-
G78,G119,-
G78,G594,-
G78,G1285,-
G78,G1527,-
G78,G539,-
G78,G588,-
G78,G1336,-
G78,G1068,-
G78,G1011,-
G78,G893,-
G78,G262,-
G78,G385,-
G78,G292,+
G78,G511,-
G78,G520,-
G78,G415,-
G78,G859,-
G78,G1127,-
G78,G83,-
G78,G1333,+
G78,G92,-
G78,G240,+
G78,G1617,+
G78,G1583,+
G78,G1399,+
G78,G676,+
G78,G1364,-
G78,G869,+
G78,G1154,+
G78,G697,+
G78,G447,+
G78,G540,+
G78,G1013,-
G78,G1046,+
G78,G640,-
G78,G1192,-
G78,G258,-
G78,G413,-
G78,G692,-
G78,G1616,-
G78,G558,-
G78,G370,-
G78,G1022,-
G78,G586,-
G78,G1311,-
G78,G513,-
G78,G1213,-
G78,G727,-
G78,G244,-
G78,G1189,-
G78,G1586,-
G78,G629,-
G78,G1062,+
G78,G65,+
G78,G201,-
G78,G476,-
G78,G452,-
G78,G1157,-
G78,G1098,-
G78,G806,-
G78,G768,-
G78,G1294,-
G78,G1540,-
G78,G1559,-
G126,G992,+
G126,G16,+
G126,G923,+
G126,G1206,+
G126,G1466,+
G126,G1618,+
G126,G1397,+
G126,G1266,+
G126,G1306,+
G126,G824,+
G126,G1369,+
G126,G99,+
G126,G129,+
G126,G784,+
G126,G1041,+
G126,G1477,+
G126,G658,+
G126,G1540,+
G126,G1559,+
G126,G1357,+
G126,G1322,+
G126,G949,+
G126,G672,+
G126,G703,+
G126,G1107,+
G126,G1195,+
G126,G1050,+
G126,G931,+
G126,G397,+
G126,G187,+
G99,G1441,+
G99,G824,+
G99,G1369,+
G99,G129,-
G99,G784,-
G99,G1389,+
G99,G1041,-
G99,G1206,-
G99,G1466,-
G99,G1618,-
G99,G1397,-
G99,G126,+
G99,G1534,+
G129,G126,+
G129,G136,+
G129,G1397,+
G129,G1618,+
G129,G1466,-
G129,G1206,+
G129,G752,+
G129,G415,+
G129,G1041,+
G129,G1266,+
G129,G658,+
G129,G1477,+
G129,G1084,+
G129,G1572,+
G129,G1534,+
G129,G1441,+
G129,G1267,+
G129,G824,+
G129,G1369,+
G129,G1129,+
G129,G875,+
G129,G1389,+
G129,G784,+
G129,G99,-
G96,G848,-
G96,G884,-
G96,G495,-
G96,G1481,-
G96,G1240,-
G96,G282,-
G96,G135,-
G96,G675,+
G96,G1116,-
G135,G848,-
G135,G884,-
G135,G495,-
G135,G1481,-
G135,G1116,-
G135,G282,-
G135,G96,-
G135,G1240,-
G135,G675,-
G36,G854,-
G36,G648,-
G36,G1619,-
G36,G790,-
G36,G1149,-
G36,G443,-
G118,G854,-
G118,G648,-
G118,G1619,-
G118,G790,-
G118,G1149,-
G118,G443,-
G82,G1358,+
G82,G811,-
G82,G804,+
G82,G230,-
G19,G1370,+
G19,G310,+
G19,G1273,+
G19,G733,+
G19,G573,+
G19,G480,+
G2,G702,-
G2,G1600,-
G2,G1278,-
G2,G1177,-
G2,G1070,-
G2,G663,-
G2,G1153,-
G2,G1221,-
G2,G1263,-
G22,G376,+
G51,G943,-
G51,G1615,-
G51,G288,-
G51,G856,-
G51,G142,-
G51,G429,-
G51,G1460,-
G51,G607,-
G51,G642,-
G51,G1549,-
G51,G852,-
G51,G335,-
G63,G1159,+
G63,G834,+
G63,G1450,+
G63,G186,+
G63,G1118,+
G63,G1150,+
G186,G1118,-
G186,G1159,-
G186,G834,-
G186,G63,-
G186,G1450,-
G186,G1150,-
G10,G995,+
G10,G1312,+
G10,G299,+
G10,G211,+
G10,G498,+
G159,G119,-
G159,G115,-
G79,G85,-
G85,G79,-
G136,G687,-
G136,G1509,-
G136,G1328,-
G136,G1500,-
G136,G1479,+
G136,G726,+
G136,G1300,-
G136,G1324,+
G136,G932,+
G136,G1473,+
G136,G1499,+
G136,G1092,-
G136,G1206,-
G136,G1466,-
G136,G1618,-
G136,G746,-
G136,G1266,-
G136,G1537,-
G136,G55,-
G136,G884,-
G136,G481,+
G136,G1096,+
G136,G750,+
G136,G560,+
G136,G273,+
G136,G99,-
G136,G129,-
G136,G803,+
G136,G431,-
G136,G1430,-
G136,G658,-
G136,G1114,-
G136,G523,-
G136,G285,-
G136,G1601,-
G136,G773,-
G136,G937,-
G136,G941,-
G136,G1459,-
G136,G651,+
G136,G1497,-
G136,G1511,-
G136,G565,+
G136,G1407,+
G136,G1352,+
G136,G416,-
G136,G1148,+
G136,G1089,+
G136,G1416,-
G136,G903,+
G136,G1298,+
G136,G1112,+
G136,G115,+
G136,G119,+
G136,G703,+
G136,G615,+
G136,G1240,-
G136,G675,-
G136,G282,-
G136,G1261,+
G136,G1028,-
G136,G404,-
G136,G380,-
G136,G858,-
G136,G899,-
G136,G677,-
G136,G134,-
G136,G321,+
G136,G448,+
G136,G1258,-
G136,G934,-
G136,G343,-
G136,G1203,-
G136,G825,-
G136,G1562,-
G136,G906,-
G136,G318,-
G136,G16,-
G136,G656,+
G136,G240,-
G136,G869,-
G136,G1150,+
G136,G1159,+
G136,G834,+
G136,G63,+
G136,G1450,+
G136,G186,+
G136,G188,-
G136,G721,+
G136,G417,-
G136,G1508,-
G136,G882,-
G136,G469,-
G136,G1442,-
G136,G1487,-
G136,G1563,-
G136,G1484,-
G136,G796,-
G136,G270,-
G136,G832,-
G136,G608,-
G136,G1551,-
G136,G1272,-
G136,G1208,-
G136,G1564,-
G136,G425,-
G136,G791,-
G136,G1371,-
G136,G1373,-
G136,G1151,-
G136,G743,-
G136,G621,-
G136,G611,-
G136,G630,-
G136,G1132,-
G136,G399,-
G136,G784,-
G136,G32,-
G136,G1188,+
G136,G857,-
G136,G1394,+
G136,G1119,-
G136,G739,+
G136,G631,+
G136,G339,-
G136,G1353,-
G136,G15,-
G136,G1118,+
G136,G768,+
G136,G242,+
G136,G1349,-
G136,G66,-
G136,G915,-
G136,G933,-
G136,G1086,-
G136,G162,-
G136,G1477,-
G169,G988,-
G49,G1503,-
G49,G978,-
G49,G884,-
G49,G1363,-
G49,G988,-
G49,G282,-
G49,G675,-
G49,G1240,-
G169,G796,+
G169,G1503,-
G169,G1240,-
G169,G675,-
G169,G282,-
G49,G796,+
G169,G1363,-
G169,G884,-
G169,G978,-
G184,G660,+
G184,G1570,+
G184,G1072,+
G184,G1556,+
G184,G1343,+
G184,G350,+
G184,G771,+
G184,G1478,+
G184,G860,+
G184,G1446,+
G184,G1080,+
G103,G1585,-
G103,G203,-
G103,G887,-
G142,G607,-
G142,G856,+
G142,G288,+
G142,G1549,+
G142,G335,+
G142,G642,-
G194,G85,+
G194,G79,+
G194,G907,+
G194,G747,+
G194,G1555,+
G194,G1470,+
G194,G390,+
G194,G1135,+
G194,G317,+
G194,G319,+
G194,G910,+
G194,G377,+
G194,G1145,+
G194,G964,+
G194,G276,+
G194,G914,+
G194,G305,-
G194,G873,-
G194,G1404,-
G194,G988,-
G194,G1519,+
G194,G293,+
G194,G657,+
G194,G1461,+
G194,G1250,+
G194,G766,-
G194,G934,+
G194,G343,-
G194,G1203,+
G194,G1063,-
G194,G1333,-
G194,G122,-
G194,G778,+
G194,G1482,+
G194,G1033,+
G194,G217,+
G194,G1491,+
G194,G255,+
G194,G1506,+
G194,G1220,+
G194,G679,+
G194,G1631,+
G194,G1325,+
G194,G1490,+
G194,G755,+
G194,G1364,-
G194,G869,-
G194,G1154,-
G194,G697,-
G194,G447,-
G194,G540,-
G194,G3,+
G194,G1252,+
G194,G1288,+
G194,G1363,-
G194,G1492,+
G194,G1332,+
G194,G1196,-
G194,G504,+
G194,G1010,-
G194,G664,-
G194,G727,+
G194,G244,+
G194,G1189,+
G194,G1586,+
G194,G629,+
G194,G793,-
G194,G970,+
G194,G480,+
G194,G1273,+
G194,G310,+
G194,G1370,+
G194,G1327,-
G194,G510,+
G194,G828,+
G194,G1536,+
G194,G475,+
G194,G822,+
G194,G278,+
G194,G1405,-
G194,G901,-
G194,G989,-
G194,G712,-
G194,G960,-
G194,G1226,+
G194,G546,-
G194,G1550,-
G194,G1296,-
G194,G1601,-
G194,G1181,+
G194,G563,+
G194,G485,+
G194,G530,-
G194,G926,-
G194,G1581,-
G194,G1076,+
G194,G1194,-
G194,G101,+
G194,G1352,+
G194,G416,+
G194,G1148,+
G194,G1089,+
G194,G903,+
G194,G1298,+
G194,G1112,+
G194,G171,+
G194,G115,-
G194,G119,-
G194,G291,+
G194,G492,+
G194,G977,+
G194,G646,+
G194,G1315,+
G194,G1278,-
G194,G1600,-
G194,G334,+
G194,G1107,+
G194,G1195,+
G194,G1043,+
G194,G141,-
G194,G1421,+
G194,G851,+
G194,G886,-
G194,G394,+
G194,G814,+
G194,G1276,+
G194,G430,+
G194,G481,+
G194,G72,+
G194,G1310,-
G194,G388,-
G194,G723,-
G194,G1044,-
G194,G729,-
G194,G1602,-
G194,G1558,-
G194,G1233,-
G194,G592,-
G194,G363,-
G194,G348,-
G194,G283,-
G194,G613,-
G194,G91,-
G194,G1264,+
G194,G1634,+
G194,G1237,+
G194,G1292,+
G194,G325,+
G194,G1476,+
G194,G1392,+
G194,G323,+
G194,G618,+
G194,G1160,-
G194,G1633,+
G194,G505,-
G194,G1122,-
G194,G1004,-
G194,G1316,-
G194,G872,+
G194,G1131,+
G194,G732,+
G194,G818,+
G194,G573,+
G194,G770,-
G194,G796,-
G194,G733,+
G194,G376,+
G194,G823,+
G194,G556,+
G194,G1123,-
G194,G779,-
G194,G1458,+
G194,G1641,+
G194,G231,+
G194,G1514,+
G194,G1081,+
G194,G1320,+
G194,G1465,+
G194,G620,+
G194,G482,+
G194,G1187,+
G194,G1383,+
G194,G878,+
G141,G1333,-
G141,G122,-
G141,G778,+
G141,G1482,+
G141,G1033,+
G141,G217,+
G141,G1491,+
G141,G255,+
G141,G1506,+
G141,G1220,+
G141,G679,+
G141,G1631,+
G141,G1325,+
G141,G1490,+
G141,G755,+
G141,G1364,-
G141,G869,-
G141,G1154,-
G141,G697,-
G141,G447,-
G141,G540,-
G141,G3,+
G141,G1252,+
G141,G1288,+
G141,G1363,-
G141,G1492,+
G141,G1332,+
G141,G1196,+
G141,G504,+
G141,G1010,-
G141,G664,-
G194,G887,+
G194,G203,+
G194,G1585,+
G194,G1192,+
G194,G950,+
G194,G1642,-
G194,G746,+
G194,G303,-
G194,G1537,+
G194,G758,+
G194,G1306,+
G194,G720,+
G194,G1169,-
G194,G1014,-
G194,G1342,-
G194,G1211,-
G194,G251,-
G194,G772,+
G194,G1301,+
G194,G1155,+
G194,G846,+
G194,G850,-
G194,G775,-
G194,G1230,-
G194,G1057,-
G194,G1283,+
G194,G1229,+
G194,G1064,+
G194,G329,+
G194,G1621,+
G194,G991,-
G194,G799,-
G194,G1375,+
G141,G1296,+
G141,G1601,+
G141,G1181,+
G141,G563,+
G141,G485,+
G141,G530,-
G141,G926,-
G141,G1581,-
G141,G1076,+
G141,G1194,-
G141,G101,+
G141,G1352,+
G141,G416,+
G141,G1148,+
G141,G1089,+
G141,G903,+
G141,G1298,+
G141,G1112,+
G141,G171,+
G141,G115,-
G141,G119,-
G141,G291,+
G141,G492,+
G141,G977,+
G141,G646,+
G141,G1315,+
G141,G1278,-
G141,G1600,-
G141,G334,+
G141,G1107,+
G141,G1195,+
G141,G1043,+
G141,G194,-
G141,G85,+
G141,G79,+
G141,G907,+
G141,G747,+
G141,G1555,+
G141,G1470,+
G141,G390,+
G141,G1135,+
G141,G317,+
G141,G319,+
G141,G910,+
G141,G377,+
G141,G1145,+
G141,G964,+
G141,G276,+
G141,G914,-
G141,G305,-
G141,G873,-
G141,G1404,+
G141,G988,-
G141,G1519,+
G141,G293,+
G141,G657,+
G141,G1461,+
G141,G1250,+
G141,G766,-
G141,G934,+
G141,G343,-
G141,G1203,-
G141,G1063,-
G141,G618,+
G141,G1160,-
G141,G1633,+
G141,G505,+
G141,G1122,-
G141,G1004,-
G141,G1316,-
G141,G872,+
G141,G1131,+
G141,G732,+
G141,G818,+
G141,G573,+
G141,G770,-
G141,G796,-
G141,G733,+
G141,G376,+
G141,G823,-
G141,G556,+
G141,G1123,+
G141,G779,+
G141,G1458,+
G141,G1641,+
G141,G231,+
G141,G1514,+
G141,G1081,+
G141,G1320,+
G141,G1465,+
G141,G620,+
G141,G482,+
G141,G1187,+
G141,G1383,+
G141,G878,+
G141,G727,+
G141,G244,+
G141,G1189,+
G141,G1586,+
G141,G629,+
G141,G793,-
G141,G970,+
G141,G480,+
G141,G1273,+
G141,G310,+
G141,G1370,+
G141,G1327,-
G141,G510,+
G141,G828,+
G141,G1536,+
G141,G475,+
G141,G822,+
G141,G278,+
G141,G1405,-
G141,G901,-
G141,G989,-
G141,G712,-
G141,G960,-
G141,G1226,-
G141,G546,-
G141,G1550,-
G141,G887,+
G141,G203,+
G141,G1585,+
G141,G1192,+
G141,G950,+
G141,G1642,-
G141,G746,+
G141,G303,-
G141,G1537,+
G141,G758,+
G141,G1306,+
G141,G720,+
G141,G1169,-
G141,G1014,-
G141,G1342,-
G141,G1211,-
G141,G251,-
G141,G772,+
G141,G1301,+
G141,G1155,+
G141,G846,+
G141,G850,-
G141,G775,-
G141,G1230,-
G141,G1057,-
G141,G1283,+
G141,G1229,+
G141,G1064,+
G141,G329,+
G141,G1621,+
G141,G991,-
G141,G799,-
G141,G1375,+
G141,G1421,+
G141,G851,+
G141,G886,+
G141,G394,+
G141,G814,+
G141,G1276,+
G141,G430,+
G141,G481,+
G141,G72,+
G141,G1310,-
G141,G388,-
G141,G723,-
G141,G1044,-
G141,G729,-
G141,G1602,-
G141,G1558,-
G141,G1233,-
G141,G592,-
G141,G363,-
G141,G348,-
G141,G283,-
G141,G613,-
G141,G91,-
G141,G1264,+
G141,G1634,+
G141,G1237,+
G141,G1292,+
G141,G325,+
G141,G1476,+
G141,G1392,+
G141,G323,+
G125,G683,+
G144,G550,-
G144,G745,-
G144,G1192,+
G144,G1235,-
G144,G280,-
G144,G490,-
G144,G1236,-
G144,G1428,-
G144,G896,-
G144,G570,-
G144,G1144,-
G144,G744,-
G144,G727,+
G144,G244,+
G144,G1189,+
G144,G1586,+
G144,G629,+
G144,G1435,+
G144,G942,-
G144,G551,-
G144,G429,-
G144,G889,-
G144,G1087,-
G144,G1418,-
G144,G250,-
G54,G943,-
G151,G830,+
G151,G338,+
G151,G1606,+
G151,G761,+
G146,G858,-
G146,G677,-
G146,G899,-
G134,G915,+
G134,G15,+
G134,G933,+
G134,G1086,+
G134,G153,-
G134,G401,+
G134,G999,+
G134,G1025,+
G134,G1542,+
G134,G426,+
G134,G1353,+
G48,G296,-
G48,G306,-
G48,G700,-
G48,G593,-
G48,G355,-
G48,G1488,-
G48,G711,-
G48,G955,-
G48,G835,-
G48,G585,-
G48,G981,-
G48,G398,-
G48,G1120,-
G48,G1361,-
G48,G719,-
G48,G442,-
G48,G847,-
G48,G1251,-
G48,G659,-
G48,G605,-
G48,G1319,-
G48,G1006,-
G48,G462,-
G48,G1317,-
G48,G1099,-
G48,G1016,-
G48,G537,-
G48,G1411,-
G48,G518,-
G48,G202,-
G48,G1529,-
G48,G600,-
G48,G1398,-
G48,G965,-
G48,G698,-
G48,G1576,-
G48,G253,-
G48,G840,-
G48,G1588,-
G48,G1535,-
G48,G888,-
G48,G1178,-
G48,G365,-
G48,G716,-
G48,G1241,-
G48,G1419,-
G48,G1103,-
G48,G1366,-
G48,G1184,-
G48,G1088,-
G48,G972,-
G48,G1391,-
G48,G1553,-
G48,G1557,-
G106,G1396,-
G106,G785,-
G70,G1416,+
G70,G119,-
G70,G115,-
G187,G803,+
G187,G298,-
G187,G1430,-
G187,G882,-
G187,G469,-
G187,G1442,-
G187,G483,-
G187,G1487,-
G187,G1339,-
G187,G1563,-
G187,G1484,-
G187,G796,-
G187,G1599,-
G187,G832,-
G187,G608,-
G187,G1551,-
G187,G759,-
G187,G1272,-
G187,G1208,-
G187,G213,-
G187,G1564,-
G187,G425,-
G187,G791,-
G187,G512,-
G187,G1371,-
G187,G1373,-
G187,G1408,-
G187,G1151,-
G187,G743,-
G187,G621,-
G187,G382,-
G187,G611,-
G187,G630,-
G187,G1132,-
G187,G399,-
G187,G631,+
G187,G1226,-
G187,G644,-
G187,G1457,+
G187,G1352,+
G187,G1148,+
G187,G1089,+
G187,G1416,+
G187,G903,+
G187,G1298,+
G187,G1112,+
G187,G615,+
G187,G1358,+
G187,G1107,+
G187,G1195,+
G187,G914,-
G187,G305,-
G187,G873,-
G187,G404,+
G187,G380,+
G187,G1404,-
G187,G263,+
G187,G734,-
G187,G1254,-
G187,G967,-
G187,G1036,-
G187,G737,-
G187,G922,-
G187,G216,-
G187,G58,+
G187,G1063,-
G187,G1333,+
G187,G1561,-
G187,G391,-
G187,G982,-
G187,G1029,-
G187,G1048,-
G187,G825,-
G187,G925,-
G187,G1566,-
G187,G686,+
G187,G1323,+
G187,G707,+
G187,G1196,-
G187,G1324,+
G187,G932,+
G187,G1642,-
G187,G1206,-
G187,G1466,-
G187,G1618,-
G187,G362,-
G187,G670,+
G187,G811,+
G187,G1306,+
G187,G55,+
G187,G230,+
G187,G762,-
G187,G481,+
G187,G72,+
G187,G1578,+
G164,G715,-
G164,G1613,-
G164,G862,-
G164,G789,-
G164,G929,-
G164,G678,-
G164,G1035,-
G164,G1198,-
G17,G237,+
G189,G1545,-
G189,G880,-
G58,G366,+
G58,G1577,+
G58,G1111,+
G58,G714,+
G58,G359,+
G58,G256,+
G58,G898,+
G58,G467,+
G58,G1423,+
G58,G1165,+
G165,G1265,+
G165,G1171,+
G165,G983,+
G165,G514,+
G165,G796,+
G165,G1441,-
G165,G1534,-
G165,G842,+
G165,G1297,+
G165,G951,+
G165,G179,+
G165,G422,+
G165,G1212,+
G165,G1204,+
G165,G1618,-
G165,G1466,-
G165,G1206,-
G165,G37,-
G165,G636,+
G165,G975,+
G165,G767,+
G165,G248,+
G165,G433,+
G165,G992,-
G165,G25,+
G165,G1364,+
G165,G302,+
G165,G264,+
G165,G1019,+
G165,G956,+
G179,G165,-
G179,G951,-
G113,G1522,-
G113,G300,-
G83,G247,-
G83,G819,-
G83,G774,-
G83,G68,-
G83,G705,-
G83,G553,-
G83,G1214,-
G83,G633,-
G83,G1454,-
G83,G885,-
G83,G1627,-
G83,G976,-
G83,G1271,-
G83,G591,-
G83,G909,-
G68,G1269,+
G68,G511,+
G68,G909,+
G68,G1127,+
G68,G976,+
G45,G1139,+
G45,G1592,+
G45,G1591,+
G45,G730,+
G45,G457,+
G45,G740,+
G107,G1623,-
G107,G559,-
G21,G476,-
G11,G1554,-
G11,G970,+
G11,G1222,-
G11,G684,-
G11,G706,-
G11,G1533,-
G11,G530,-
G11,G926,-
G11,G1581,-
G11,G907,+
G11,G747,+
G11,G1555,+
G11,G1470,+
G11,G390,+
G11,G1135,+
G11,G317,+
G11,G319,+
G11,G176,+
G11,G1227,+
G11,G1561,-
G11,G391,-
G11,G982,-
G11,G1029,-
G11,G1048,-
G11,G315,+
G11,G829,+
G11,G699,+
G11,G1629,+
G11,G438,+
G11,G1505,+
G11,G1238,+
G11,G997,+
G11,G867,+
G11,G952,+
G11,G1055,+
G11,G465,+
G11,G1235,+
G11,G280,+
G11,G490,+
G11,G1236,+
G11,G1428,+
G11,G896,+
G11,G1144,+
G11,G1009,+
G11,G643,-
G11,G1023,-
G155,G351,-
G155,G842,-
G155,G1297,-
G155,G352,-
G173,G102,-
G102,G173,-
G5,G235,-
G5,G820,-
G93,G1143,-
G93,G1637,-
G35,G90,-
G35,G227,-
G35,G564,-
G35,G1107,-
G35,G1195,-
G35,G1566,-
G35,G816,-
G35,G502,+
G35,G1607,+
G35,G1324,+
G35,G932,+
G35,G1306,-
G35,G795,+
G35,G615,+
G149,G1338,-
G149,G776,-
G149,G1335,-
G149,G876,-
G88,G1225,-
G88,G509,-
G88,G1415,-
G88,G80,-
G88,G507,-
G88,G416,+
G88,G639,+
G88,G603,-
G88,G794,-
G88,G944,-
G88,G948,-
G88,G1351,-
G88,G1571,-
G88,G1182,-
G88,G1126,+
G88,G848,-
G88,G1507,-
G88,G1108,-
G88,G434,-
G123,G516,-
G123,G724,-
G123,G1108,-
G123,G971,-
G123,G416,+
G123,G1630,-
G123,G1547,-
G123,G509,-
G176,G464,-
G176,G503,-
G176,G895,-
G176,G1548,-
G176,G292,-
G176,G889,-
G176,G1087,-
G176,G1418,-
G176,G250,-
G176,G550,-
G176,G745,-
G176,G1519,+
G176,G293,+
G176,G657,+
G176,G1461,+
G176,G1250,+
G176,G934,+
G176,G343,+
G176,G1203,+
G176,G940,+
G176,G778,-
G176,G1275,-
G176,G695,+
G176,G782,+
G176,G261,+
G176,G1332,-
G176,G1010,-
G176,G664,-
G176,G331,+
G176,G139,-
G176,G850,+
G176,G775,+
G176,G1230,-
G176,G1417,-
G176,G515,-
G176,G367,-
G176,G423,-
G176,G1059,-
G176,G1232,-
G176,G1215,-
G176,G1346,-
G176,G1362,-
G176,G1375,-
G176,G1421,+
G176,G851,+
G176,G886,-
G176,G394,+
G176,G814,+
G176,G1505,-
G176,G1238,-
G176,G997,-
G176,G867,-
G176,G952,-
G176,G1055,-
G176,G465,-
G176,G1235,-
G176,G280,-
G176,G490,-
G176,G1236,-
G176,G1428,-
G176,G896,-
G176,G1368,-
G176,G1469,-
G176,G1614,-
G176,G1390,-
G176,G736,-
G176,G1310,+
G176,G388,+
G176,G723,+
G176,G1044,+
G176,G729,+
G176,G1602,+
G176,G1558,+
G176,G1233,+
G176,G592,+
G176,G363,+
G176,G348,+
G176,G1144,-
G176,G1009,-
G176,G1595,-
G176,G505,-
G176,G32,-
G176,G1104,+
G176,G599,+
G176,G1172,-
G176,G616,-
G176,G1330,-
G176,G1326,-
G176,G418,-
G176,G369,-
G176,G1626,-
G176,G473,-
G176,G372,-
G176,G1284,-
G176,G685,-
G176,G1248,+
G176,G1510,+
G176,G793,-
G176,G760,-
G176,G150,-
G176,G228,-
G176,G1078,+
G176,G1516,-
G176,G1282,+
G176,G644,-
G176,G1414,-
G176,G1402,+
G176,G1117,+
G176,G1601,+
G176,G530,-
G176,G926,-
G176,G1581,-
G176,G1485,-
G160,G782,-
G160,G261,-
G160,G1230,+
G160,G1375,+
G160,G1421,+
G160,G851,+
G160,G886,+
G160,G394,+
G160,G814,+
G160,G1505,+
G160,G1238,-
G160,G997,+
G160,G867,+
G160,G952,+
G160,G1055,-
G160,G465,-
G160,G1235,+
G160,G280,-
G160,G490,+
G160,G1236,+
G160,G1428,-
G160,G896,+
G160,G1144,+
G160,G1009,+
G160,G505,-
G160,G1104,+
G160,G599,+
G160,G369,-
G160,G1626,-
G160,G473,-
G160,G372,-
G160,G1284,-
G160,G685,-
G160,G1248,+
G160,G1510,+
G160,G793,-
G160,G1078,+
G160,G1601,+
G160,G1485,+
G160,G889,-
G160,G1087,-
G160,G1418,-
G160,G250,-
G160,G550,-
G160,G745,-
G160,G934,+
G160,G343,+
G160,G1203,+
G160,G695,-
G14,G1598,-
G188,G874,+
G188,G1382,+
G188,G1258,+
G188,G938,+
G188,G1489,+
G188,G825,+
G139,G1368,-
G139,G736,-
G139,G1614,-
G139,G1390,-
G139,G1469,-
G178,G793,+
G178,G505,+
G59,G1517,-
G59,G294,-
G59,G1381,-
G59,G713,-
G59,G1022,-
G59,G452,-
G59,G1157,-
G59,G370,-
G110,G1449,-
G110,G411,-
G110,G654,-
G110,G277,-
G110,G1473,-
G110,G1499,-
G110,G567,-
G110,G1083,-
G110,G1192,-
G110,G1495,-
G110,G197,-
G110,G1388,-
G110,G1280,-
G110,G1021,-
G110,G781,-
G110,G379,-
G110,G218,-
G110,G1329,-
G110,G969,-
G110,G1230,-
G110,G753,-
G110,G1242,-
G110,G1375,-
G110,G1421,-
G110,G851,-
G110,G886,-
G110,G394,-
G110,G814,-
G110,G178,-
G110,G918,-
G110,G108,-
G110,G959,-
G110,G229,-
G110,G1104,-
G110,G599,-
G110,G181,-
G110,G1532,-
G110,G727,-
G110,G244,-
G110,G1189,-
G110,G1586,-
G110,G629,-
G110,G566,-
G110,G1248,-
G110,G1510,-
G110,G1394,-
G110,G970,-
G110,G527,-
G110,G1078,-
G110,G1445,-
G110,G1158,-
G110,G337,-
G110,G506,-
G110,G332,-
G110,G101,-
G110,G141,-
G110,G511,-
G110,G907,-
G110,G747,-
G110,G1555,-
G110,G1470,-
G110,G390,-
G110,G1135,-
G110,G317,-
G110,G319,-
G110,G910,-
G110,G377,-
G110,G1145,-
G110,G964,-
G110,G276,-
G110,G1313,-
G110,G187,-
G110,G766,-
G110,G1074,-
G110,G1632,-
G110,G632,-
G110,G1624,-
G110,G877,-
G110,G869,-
G110,G1625,-
G110,G682,-
G110,G421,-
G110,G1193,-
G13,G242,+
G13,G1327,+
G13,G722,+
G13,G977,-
G13,G1544,-
G13,G646,+
G13,G1315,+
G13,G1261,+
G13,G1528,+
G13,G805,+
G13,G655,+
G13,G1643,+
G13,G1572,+
G13,G1096,+
G13,G750,+
G13,G1267,+
G13,G243,+
G13,G584,+
G13,G1374,+
G13,G491,+
G13,G371,+
G13,G1350,+
G13,G212,+
G13,G645,+
G13,G833,+
G13,G410,+
G13,G1289,+
G13,G1590,+
G13,G387,+
G13,G870,+
G13,G1464,+
G13,G749,+
G13,G405,+
G13,G459,+
G13,G1124,+
G13,G1444,+
G13,G1367,+
G13,G1610,+
G13,G1356,+
G13,G674,+
G13,G23,+
G13,G35,+
G13,G301,+
G122,G109,+
G122,G1113,+
G122,G445,+
G122,G1281,+
G122,G1217,-
G122,G1582,+
G122,G1191,+
G122,G796,+
G122,G758,-
G122,G1333,-
G122,G1063,+
G122,G119,-
G122,G115,-
G122,G1640,-
G122,G162,-
G122,G316,+
G12,G629,+
G12,G1243,-
G12,G476,+
G12,G806,-
G12,G837,+
G12,G1586,+
G12,G1189,+
G12,G244,+
G12,G727,+
G12,G461,+
G12,G1205,+
G12,G717,+
G12,G746,+
G12,G633,+
G12,G1214,+
G12,G1192,+
G12,G859,+
G12,G681,+
G12,G497,+
G12,G78,+
G12,G320,+
G138,G1458,-
G138,G1641,-
G138,G231,-
G138,G1514,-
G138,G1081,-
G138,G878,-
G138,G1465,-
G138,G620,-
G138,G482,-
G138,G1187,-
G138,G1383,-
G138,G1320,-
G156,G337,-
G156,G312,-
G156,G1540,-
G156,G1559,-
G156,G1357,-
G156,G1322,-
G156,G949,-
G156,G594,+
G156,G1285,+
G156,G1527,+
G156,G539,+
G156,G588,+
G156,G1524,-
G156,G1573,-
G156,G808,-
G156,G766,-
G156,G254,-
G156,G506,-
G94,G1550,-
G94,G1296,-
G44,G519,+
G44,G857,+
G44,G161,+
G44,G1493,+
G44,G208,+
G44,G650,+
G44,G393,+
G44,G486,+
G44,G314,+
G44,G1015,+
G44,G617,+
G44,G1290,+
G44,G384,+
G44,G868,+
G44,G368,+
G44,G575,+
G44,G328,+
G44,G1512,+
G44,G638,+
G44,G1482,+
G44,G1033,+
G44,G1631,+
G44,G1325,+
G44,G1490,+
G44,G1569,+
G44,G1393,+
G44,G1045,+
G44,G954,+
G44,G1480,-
G44,G597,+
G44,G1193,+
G44,G1005,+
G44,G994,+
G44,G821,+
G44,G947,-
G44,G943,-
G100,G792,+
G100,G673,+
G100,G1594,+
G100,G371,+
G100,G1350,+
G100,G212,+
G100,G645,+
G100,G833,+
G100,G410,+
G100,G1289,+
G100,G116,+
G100,G1102,+
G100,G589,+
G100,G1426,+
G100,G475,-
G100,G221,-
G100,G1640,+
G100,G1524,+
G100,G1271,+
G100,G774,+
G100,G948,+
G100,G517,-
G100,G984,+
G100,G780,+
G100,G302,+
G100,G264,+
G100,G1019,+
G100,G956,+
G100,G604,+
G100,G1165,+
G100,G1297,-
G100,G842,-
G100,G606,+
G100,G6,-
G62,G494,+
G62,G360,+
G62,G817,+
G62,G902,+
G69,G1621,+
G69,G679,+
G69,G1491,+
G69,G255,+
G69,G1506,+
G69,G1220,+
G92,G1607,-
G92,G1141,-
G92,G811,-
G92,G230,-
G92,G1550,-
G92,G1296,-
G92,G436,-
G92,G1358,-
G92,G508,-
G92,G1269,-
G92,G406,-
G92,G554,-
G92,G356,-
G92,G992,-
G92,G1525,-
G92,G984,-
G92,G341,-
G92,G865,-
G92,G502,-
G92,G361,-
G92,G738,-
G92,G1287,-
G92,G1039,-
G92,G1121,-
G92,G528,-
G92,G358,-
G92,G220,-
G92,G1060,-
G92,G780,-
G92,G1596,-
G25,G1030,-
G77,G115,+
G77,G1565,+
G77,G119,+
G117,G1372,-
G117,G1496,-
G117,G487,-
G117,G1207,-
G117,G578,-
G65,G201,-
G16,G888,+
G16,G1241,+
G16,G1440,+
G16,G825,+
G16,G758,+
G16,G1283,+
G16,G1229,+
G16,G1064,+
G16,G329,+
G16,G1134,+
G16,G1281,-
G16,G445,-
G16,G316,-
G16,G109,-
G16,G1012,+
G16,G308,+
G16,G853,+
G16,G1609,+
G170,G1380,+
G16,G1380,+
G170,G115,-
G170,G119,-
G170,G888,+
G170,G1241,+
G170,G1440,+
G170,G825,+
G170,G16,+
G170,G758,+
G170,G1283,+
G170,G1229,+
G170,G1064,+
G170,G329,+
G170,G1134,+
G170,G1281,-
G170,G445,-
G170,G316,-
G170,G109,-
G170,G1012,+
G170,G308,+
G170,G853,+
G170,G1609,+
G170,G1378,+
G16,G119,-
G16,G115,-
G16,G1378,+
G145,G810,-
G175,G145,-
G175,G810,-
G145,G175,-
G27,G57,+
G57,G731,+
G57,G1424,+
G57,G210,+
G57,G27,+
G57,G1321,+
G37,G249,+
G37,G975,+
G37,G248,+
G37,G1364,+
G37,G302,+
G37,G264,+
G37,G1019,+
G37,G956,+
G37,G636,+
G37,G543,+
G37,G422,+
G37,G165,+
G37,G179,+
G37,G951,+
G37,G1297,+
G37,G842,+
G37,G796,+
G37,G1309,+
G116,G1333,-
G116,G1519,+
G116,G293,+
G116,G657,+
G116,G857,+
G116,G109,-
G116,G316,-
G116,G445,-
G116,G1281,-
G116,G1461,+
G42,G822,+
G42,G278,+
G133,G14,-
G133,G986,-
G133,G1289,-
G133,G410,-
G133,G833,-
G133,G645,-
G133,G212,-
G133,G1350,-
G133,G371,-
G133,G129,-
G133,G99,-
G133,G893,-
G133,G1296,+
G133,G1598,-
G133,G1550,+
G28,G1183,+
G28,G1241,-
G28,G365,+
G28,G888,-
G143,G1494,-
G143,G748,-
G143,G1085,-
G143,G267,+
G143,G326,+
G143,G1268,+
G34,G1188,+
G74,G975,+
G74,G52,+
G52,G479,+
G52,G691,+
G52,G422,+
G52,G1212,+
G52,G1204,+
G52,G165,+
G52,G179,+
G52,G951,+
G52,G1297,+
G52,G842,+
G52,G463,+
G52,G1463,+
G52,G796,+
G52,G364,+
G52,G1171,+
G52,G1265,+
G52,G1062,+
G52,G837,+
G52,G636,+
G52,G956,+
G52,G1019,+
G52,G264,+
G52,G302,+
G52,G1364,+
G52,G998,+
G52,G392,+
G52,G433,+
G52,G1115,+
G52,G248,+
G52,G767,+
G52,G78,+
G52,G1612,+
G52,G975,+
G55,G915,-
G55,G933,-
G55,G1086,-
G3,G1288,+
G3,G1492,+
G3,G510,+
G3,G828,+
G3,G1536,+
G3,G1252,+
G168,G1536,+
G168,G3,+
G168,G1252,+
G168,G1288,+
G168,G828,+
G168,G510,+
G168,G1492,+
G50,G1385,+
G50,G784,-
G50,G129,-
G50,G1595,+
G50,G1362,+
G50,G1346,+
G50,G1618,+
G50,G1466,+
G50,G1206,+
G50,G234,+
G50,G1147,+
G6,G496,-
G6,G1401,-
G71,G990,-
G71,G471,-
G71,G460,-
G71,G946,-
G71,G1274,-
G71,G1302,-
G71,G756,-
G71,G988,-
G71,G1420,-
G71,G936,-
G71,G1125,-
G1,G1302,-
G1,G1427,-
G1,G988,+
G1,G1363,+
G1,G291,+
G1,G1130,-
G1,G919,-
G1,G936,-
G1,G1125,-
G1,G499,-
G1,G1162,-
G105,G1247,+
G86,G239,-
G86,G855,-
G86,G836,-
G140,G960,-
G140,G712,-
G140,G989,-
G140,G901,-
G140,G1405,-
G140,G1004,-
G140,G1122,-
G195,G836,-
G195,G897,-
G195,G855,-
G195,G412,-
G195,G1007,-
G195,G239,-
G53,G1069,+
G53,G704,+
G152,G864,+
G152,G1439,+
G152,G577,+
G152,G1190,+
G152,G472,+
G31,G1369,+
G31,G824,+
G31,G126,+
G91,G1292,-
G91,G1237,-
G91,G1634,-
G91,G1264,-
G91,G325,-
G91,G618,-
G91,G323,-
G91,G1392,-
G91,G1476,-
G104,G18,-
G18,G104,-
G185,G435,+
G193,G1140,+
G193,G1608,+
G163,G311,-
G163,G927,-
G163,G408,-
G163,G1090,-
G163,G304,-
G163,G1062,-
G98,G16,-
G86,G863,-
G128,G443,-
G21,G18,+
G14,G350,+
G21,G613,-
G68,G1361,+
G176,G1080,+
G162,G953,+
G32,G730,-
G87,G903,-
G90,G1248,+
G4,G1323,-
G86,G113,-
G195,G777,-
G194,G210,-
G187,G500,-
G100,G186,-
G149,G1491,+
G74,G948,+
G129,G455,+
G70,G245,-
G161,G1036,-
G117,G1095,+
G68,G849,+
G80,G652,-
G45,G624,-
G178,G888,+
G145,G356,-
G179,G225,-
G121,G1455,-
G91,G307,-
G156,G1121,-
G34,G1343,-
G32,G1336,+
G63,G1276,+
G13,G1181,+
G139,G405,-
G138,G215,+
G109,G211,+
G93,G917,+
G91,G1605,-
G49,G1471,+
G75,G646,+
G4,G688,+
G58,G319,-
G72,G946,+
G91,G554,+
G189,G766,+
G173,G592,-
G28,G1250,+
G112,G164,+
G150,G1197,-
G108,G1589,-
G122,G785,+
G142,G443,+
G23,G1221,+
G192,G915,+
G42,G842,+
G39,G250,+
G22,G1252,-
G100,G902,-
G133,G1111,-
G72,G358,-
G98,G763,+
G34,G1158,-
G147,G1016,+
G178,G1435,-
G94,G432,+
G59,G230,-
G127,G1428,-
G125,G1125,+
G116,G383,-
G68,G521,-
G177,G1236,+
G145,G614,+
G180,G778,-
G130,G271,+
G38,G1264,+
G86,G1283,-
G95,G235,-
G173,G1056,-
G21,G1447,-
G16,G1368,-
G12,G1226,-
G4,G320,-
G125,G806,+
G11,G382,-
G106,G544,+
G90,G1586,-
G131,G1242,+
G115,G857,-
G63,G911,-
G53,G1275,+
G144,G694,-
G8,G591,-
G58,G1316,-
G4,G250,+
G98,G308,+
G116,G1125,-
G130,G443,+
G74,G898,-
G80,G156,+
G36,G79,-
G140,G1394,+
G105,G406,-
G24,G484,+
G13,G432,+
G129,G625,+
G132,G964,+
G15,G216,+
G41,G169,-
G141,G1202,+
G15,G1402,+
G126,G1621,-
G110,G754,-
G91,G800,+
G90,G1121,+
G183,G522,-
G87,G1379,-
G182,G839,-
G179,G404,-
G150,G509,+
G180,G1255,-
G45,G1407,+
G20,G1171,+
G51,G620,+
G132,G1083,-
G161,G330,-
G28,G1432,-
G112,G270,+
G120,G967,-
G57,G224,-
G194,G1138,+
G34,G887,+
G19,G615,+
G53,G311,-
G42,G608,-
G102,G1189,-
G41,G1061,-
G173,G1239,+
G3,G549,+
G16,G526,-
G113,G1070,-
G54,G1470,-
G140,G676,+
G130,G644,-
G146,G435,-
G90,G1289,+
G71,G1530,+
G159,G693,+
G142,G1497,-
G191,G745,-
G118,G585,+
G185,G465,-
G44,G748,+
G15,G290,-
G22,G334,+
G84,G34,+
G32,G1309,+
G71,G104,-
G1,G167,+
G68,G1453,-
G14,G748,-
G5,G117,-
G28,G803,-
G121,G308,-
G22,G514,-
G88,G161,-
G137,G2,+
G24,G215,+
G185,G679,-
G169,G895,+
G152,G1562,-
G182,G32,-
G41,G1066,-
G177,G1289,-
G25,G1182,-
G57,G1558,-
G144,G966,+
G144,G724,-
G86,G898,+
G31,G1168,+
G6,G1043,+
G36,G747,-
G83,G777,-
G38,G527,+
G143,G1561,+
G141,G866,-
G92,G423,+
G87,G539,-
G42,G1115,+
G188,G800,-
G13,G754,-
G91,G1134,+
G65,G1306,-
G30,G1308,+
G1,G849,+
G10,G1085,-
G173,G284,+
G132,G483,-
G2,G1353,-
G63,G1066,-
G21,G830,-
G138,G223,+
G195,G36,+
G122,G806,-
G37,G816,+
G8,G180,+
G123,G927,-
G113,G418,-
G152,G722,-
G41,G1350,-
G45,G1140,+
G134,G85,-
G195,G235,+
G195,G1520,+
G59,G605,+
G192,G1036,-
G177,G147,-
G14,G66,+
G146,G476,-
G72,G248,+
G110,G455,+
G163,G734,+
G155,G1064,+
G64,G118,+
G188,G765,+
G140,G1533,+
G83,G1455,-
G34,G241,+
G36,G320,+
G87,G420,+
G107,G1511,+
G134,G514,+
G2,G1415,-
G138,G1122,-
G22,G253,-
G110,G1156,-
G121,G10,-
G42,G319,-
G183,G707,-
G173,G1292,+
G3,G1491,+
G92,G1430,-
G121,G581,-
G19,G1113,+
G81,G170,-
G6,G1232,+
G49,G119,-
G75,G1524,-
G30,G1123,-
G185,G1538,-
G79,G94,+
G91,G864,-
G96,G110,+
G176,G702,-
G155,G435,+
G87,G1360,+
G88,G269,-
G25,G1454,-
G69,G893,+
G97,G1064,-
G91,G143,+
G11,G517,-
G14,G295,+
G7,G1208,-
G20,G845,+
G76,G441,+
G194,G404,+
G13,G931,-
G104,G1442,+
G59,G444,+
G33,G1249,+
G21,G1607,-
G14,G489,-
G100,G1285,+
G110,G1351,-
G142,G73,-
G84,G42,-
G87,G1184,-
G86,G1129,-
G92,G431,+
G99,G507,-
G33,G17,-
G131,G851,+
G111,G818,-
G88,G744,-
G193,G1208,+
G119,G1426,+
G158,G491,+
G1,G201,-
G133,G433,-
G120,G1140,-
G140,G859,-
G186,G821,+
G83,G219,-
G141,G1239,-
G31,G455,+
G112,G439,+
G110,G1513,+
G59,G118,-
G53,G560,+
G42,G188,-
G68,G845,+
G107,G630,-
G74,G621,-
G34,G875,-
G152,G919,-
G142,G729,-
G58,G439,+
G24,G1597,+
G191,G952,-
G23,G1107,-
G104,G1078,-
G17,G456,-
G2,G27,+
G52,G577,-
G90,G1315,-
G129,G1203,+
G149,G197,+
G143,G35,+
G164,G315,-
G127,G1219,-
G133,G691,-
G105,G511,-
G108,G1604,-
G74,G530,-
G65,G901,-
G7,G327,+
G118,G792,+
G71,G45,+
G59,G799,+
G129,G290,-
G71,G208,-
G109,G608,+
G16,G687,+
G188,G1448,-
G1,G989,-
G79,G957,+
G13,G1518,+
G107,G512,-
G109,G946,+
G160,G1491,+
G68,G398,+
G161,G482,+
G105,G393,-
G119,G201,+
G63,G403,+
G125,G621,+
G68,G471,-
G68,G254,+
G195,G467,-
G72,G1274,+
G163,G942,-
G82,G1412,-
G156,G1274,+
G66,G1250,-
G79,G1199,-
G135,G1499,+
G39,G1571,-
G63,G352,-
G43,G711,-
G85,G814,+
